First Name,Gender,Start Date,Last Login Time,Salary,Bonus %,Team
Douglas,Male,8/6/1993,12:42 PM,97308,6.945,Marketing
Thomas,Male,3/31/1996,6:53 AM,61933,4.17,
Maria,Female,4/23/1993,11:17 AM,130590,11.858,Finance
Jerry,Male,3/4/2005,1:00 PM,138705,9.34,Finance
Larry,Male,1/24/1998,4:47 PM,101004,1.389,Client Services
Dennis,Male,4/18/1987,1:35 AM,115163,10.125,Legal
Ruby,Female,8/17/1987,4:20 PM,65476,10.012,Product
,Female,7/20/2015,10:43 AM,45906,11.598,Finance
Angela,Female,11/22/2005,6:29 AM,95570,18.523,Engineering
Frances,Female,8/8/2002,6:51 AM,139852,7.524,Business Development
Louise,Female,8/12/1980,9:01 AM,63241,15.132,
Julie,Female,10/26/1997,3:19 PM,102508,12.637,Legal
Brandon,Male,12/1/1980,1:08 AM,112807,17.492,Human Resources
Gary,Male,1/27/2008,11:40 PM,109831,5.831,Sales
Kimberly,Female,1/14/1999,7:13 AM,41426,14.543,Finance
Lillian,Female,6/5/2016,6:09 AM,59414,1.256,Product
Jeremy,Male,9/21/2010,5:56 AM,90370,7.369,Human Resources
Shawn,Male,12/7/1986,7:45 PM,111737,6.414,Product
Diana,Female,10/23/1981,10:27 AM,132940,19.082,Client Services
Donna,Female,7/22/2010,3:48 AM,81014,1.894,Product
Lois,,4/22/1995,7:18 PM,64714,4.934,Legal
Matthew,Male,9/5/1995,2:12 AM,100612,13.645,Marketing
Joshua,,3/8/2012,1:58 AM,90816,18.816,Client Services
,Male,6/14/2012,4:19 PM,125792,5.042,
John,Male,7/1/1992,10:08 PM,97950,13.873,Client Services
,Male,10/8/2012,1:12 AM,37076,18.576,Client Services
Craig,Male,2/27/2000,7:45 AM,37598,7.757,Marketing
Scott,,7/11/1991,6:58 PM,122367,5.218,Legal
Terry,Male,11/27/1981,6:30 PM,124008,13.464,Client Services
Benjamin,Male,1/26/2005,10:06 PM,79529,7.008,Legal
Christina,Female,8/6/2002,1:19 PM,118780,9.096,Engineering
Joyce,,2/20/2005,2:40 PM,88657,12.752,Product
,Male,8/21/1998,2:27 PM,122340,6.417,
Jean,Female,12/18/1993,9:07 AM,119082,16.18,Business Development
Jerry,Male,1/10/2004,12:56 PM,95734,19.096,Client Services
Theresa,Female,10/10/2006,1:12 AM,85182,16.675,Sales
Rachel,Female,2/16/2009,8:47 PM,142032,12.599,Business Development
Linda,Female,10/19/1981,8:49 PM,57427,9.557,Client Services
Stephanie,Female,9/13/1986,1:52 AM,36844,5.574,Business Development
,Male,1/29/2016,2:33 AM,122173,7.797,Client Services
Michael,Male,10/10/2008,11:25 AM,99283,2.665,Distribution
Christine,,6/28/2015,1:08 AM,66582,11.308,Business Development
Beverly,Female,9/9/1998,8:26 PM,121918,15.835,Legal
Marilyn,Female,12/7/1980,3:16 AM,73524,5.207,Marketing
Cynthia,Female,11/16/1988,6:54 PM,145146,7.482,Product
Roger,Male,4/17/1980,11:32 AM,88010,13.886,Sales
Bruce,Male,11/28/2009,10:47 PM,114796,6.796,Finance
Kathy,Female,6/22/2005,4:51 AM,66820,9,Client Services
Clarence,Male,3/26/1996,5:57 AM,93581,6.083,Business Development
Chris,,1/24/1980,12:13 PM,113590,3.055,Sales
Nancy,Female,9/23/2000,8:05 AM,94976,13.83,Engineering
,,12/17/2011,8:29 AM,41126,14.009,Sales
Todd,Male,2/18/1990,2:41 AM,49339,1.695,Human Resources
Alan,,3/3/2014,1:28 PM,40341,17.578,Finance
Sara,Female,8/15/2007,9:23 AM,83677,8.999,Engineering
Karen,Female,11/30/1999,7:46 AM,102488,17.653,Product
Carl,Male,5/3/2006,5:55 PM,130276,16.084,Finance
Henry,Male,6/26/1996,1:44 AM,64715,15.107,Human Resources
Theresa,Female,4/11/2010,7:18 AM,72670,1.481,Engineering
Irene,Female,5/7/1997,9:32 AM,66851,11.279,Engineering
Paula,,11/23/2005,2:01 PM,48866,4.271,Distribution
Denise,Female,11/6/2001,12:03 PM,106862,3.699,Business Development
,Female,6/12/2007,5:25 PM,58112,19.414,Marketing
Matthew,Male,1/2/2013,10:33 PM,35203,18.04,Human Resources
Kathleen,,4/11/1990,6:46 PM,77834,18.771,Business Development
Steve,Male,11/11/2009,11:44 PM,61310,12.428,Distribution
Nancy,Female,12/15/2012,11:57 PM,125250,2.672,Business Development
Rachel,Female,8/16/1999,6:53 AM,51178,9.735,Finance
Jose,Male,10/30/2004,1:39 PM,84834,14.33,Finance
Irene,,7/14/2015,4:31 PM,100863,4.382,Finance
Todd,,6/10/2003,2:26 PM,84692,6.617,Client Services
Johnny,Male,11/6/2009,4:23 PM,118172,16.194,Sales
Bobby,Male,5/7/2007,10:01 AM,54043,3.833,Product
Frances,Female,4/4/1999,4:19 PM,90582,4.709,Sales
Thomas,Male,6/4/1995,2:24 PM,62096,17.029,Marketing
Bonnie,Female,7/2/1991,1:27 AM,104897,5.118,Human Resources
Margaret,Female,9/10/1988,12:42 PM,131604,7.353,Distribution
Charles,Male,9/14/2004,8:13 PM,107391,1.26,Marketing
Robin,Female,6/4/1983,3:15 PM,114797,5.965,Sales
Bonnie,Female,11/13/1988,3:30 PM,115814,4.99,Product
Gerald,,3/17/1995,12:50 AM,137126,15.602,Sales
Christopher,Male,3/30/2008,10:52 AM,47369,14.822,Legal
Steven,Male,3/30/1980,9:20 PM,35095,8.379,Client Services
Shawn,Male,9/23/2005,2:55 AM,148115,6.539,Finance
Doris,Female,8/20/2004,5:51 AM,83072,7.511,Finance
Jeremy,Male,2/1/2008,8:50 AM,100238,3.887,Client Services
Annie,,9/29/2007,12:11 AM,103495,17.29,Business Development
Annie,Female,1/30/1993,2:05 AM,144887,8.276,Sales
Donna,Female,11/27/1991,1:59 PM,64088,6.155,Legal
Janice,Female,3/12/2016,12:40 AM,51082,11.955,Legal
Janice,,8/21/1997,5:12 AM,91719,11.583,Legal
James,,1/26/2005,11:00 PM,128771,8.309,
Linda,Female,5/25/2000,5:45 PM,119009,12.506,Business Development
Virginia,,5/7/1994,5:58 PM,111858,1.601,Legal
Harry,Male,8/26/1981,3:16 PM,130620,7.03,Legal
Heather,Female,7/11/1998,2:17 PM,43026,14.166,Client Services
Cynthia,Female,3/21/1994,8:34 AM,142321,1.737,Finance
Laura,,7/19/2014,9:23 PM,140371,10.62,Marketing
Tina,Female,6/16/2016,7:47 PM,100705,16.961,Marketing
Harold,Male,1/2/1985,9:40 PM,77544,12.447,Business Development
Melissa,Female,6/21/2005,6:33 AM,48109,14.995,Finance
Aaron,Male,2/17/2012,10:20 AM,61602,11.849,Marketing
Jack,Male,1/12/1997,5:51 AM,103902,12.159,Client Services
Phyllis,Female,10/11/1996,9:30 PM,136984,8.932,Finance
John,Male,12/23/1989,7:01 AM,80740,19.305,Marketing
Kathy,Female,3/9/1996,4:33 AM,91712,8.567,Finance
Paul,Male,8/4/1993,7:25 PM,42146,3.046,Legal
Steven,Male,4/23/2013,10:12 PM,68680,16.565,Legal
Russell,,5/5/1988,7:57 AM,133980,12.396,Legal
Christopher,Male,4/22/2000,10:15 AM,37919,11.449,
Shirley,Female,6/20/2001,10:39 PM,147113,16.135,Legal
Bonnie,Female,12/17/1999,3:12 PM,42153,8.454,Business Development
Willie,Male,11/27/2003,6:21 AM,64363,4.023,Marketing
Tina,Female,6/12/2009,7:16 AM,114767,3.711,Engineering
Ashley,Female,8/4/2002,11:00 AM,58698,6.811,Business Development
Pamela,Female,7/1/1982,6:51 AM,54585,4.166,Product
,Male,6/22/1991,8:58 PM,76189,18.988,Legal
Steven,Male,3/1/1995,3:03 PM,109095,9.494,Finance
Andrea,Female,1/12/2012,5:43 AM,120204,9.557,Business Development
Paul,Male,6/3/2008,3:05 PM,41054,12.299,Marketing
Peter,Male,11/17/1994,6:15 PM,84885,15.402,Business Development
Kathleen,,5/9/2016,8:55 AM,119735,18.74,Product
Christina,Female,4/13/2012,2:04 PM,110169,13.892,Engineering
Helen,Female,11/29/2001,2:30 AM,73789,14.841,Product
Marilyn,Female,11/16/1983,8:29 AM,76078,2.401,Product
Patricia,Female,9/1/2003,6:46 AM,49368,14.226,Human Resources
Michelle,Female,3/30/1984,6:43 PM,57325,17.179,Human Resources
William,Male,9/29/2002,4:09 PM,66521,5.83,Human Resources
Kenneth,Male,8/25/1987,9:16 PM,127654,16.439,Client Services
Antonio,Male,10/25/1988,1:50 PM,60866,13.101,Business Development
Shirley,Female,5/1/1984,1:15 PM,41334,6.219,Human Resources
Rebecca,Female,7/10/1992,12:23 AM,94231,17.517,Product
Carlos,Male,1/4/1995,7:02 AM,146670,10.763,Human Resources
Lois,Female,12/25/1987,4:16 PM,106317,2.235,Client Services
Carolyn,Female,4/9/2011,5:38 AM,109260,2.65,Business Development
Gloria,Female,6/29/2007,5:34 AM,134148,8.833,Legal
Henry,Male,4/24/1995,4:18 AM,43542,19.687,Legal
Adam,Male,5/21/2011,1:45 AM,95327,15.12,Distribution
Ashley,Female,5/25/2006,11:30 AM,112238,6.03,Engineering
,Female,10/3/1990,1:08 AM,132373,10.527,
Shirley,Female,2/28/1981,1:23 PM,113850,1.854,Marketing
Adam,Male,12/24/1990,8:57 PM,110194,14.727,Product
Elizabeth,Female,10/9/2003,5:53 PM,146129,5.687,Finance
Teresa,,1/28/2016,10:55 AM,140013,8.689,Engineering
Nicole,,3/5/1982,2:28 PM,122717,12.452,Sales
Jennifer,Female,4/4/2009,10:47 PM,71715,13.079,Client Services
Patricia,Female,11/25/1992,2:24 AM,95322,4.15,Product
Philip,Male,7/17/2008,1:30 PM,89227,3.996,Legal
Patrick,,7/14/1991,2:24 AM,124488,14.837,Sales
,Female,8/17/2014,2:00 PM,86230,8.578,Distribution
Sean,Male,5/4/1996,8:59 PM,135490,19.934,Marketing
Brandon,,11/3/1997,8:17 PM,121333,15.295,Business Development
Ruth,Female,8/19/1999,4:03 AM,129297,8.067,Client Services
Victor,,3/10/2011,8:40 PM,84546,10.489,Finance
Rebecca,Female,11/15/1980,4:13 AM,85730,5.359,Product
Marie,Female,3/16/2003,12:12 AM,104058,17.695,Business Development
Howard,Male,4/27/1992,1:10 AM,105062,1.563,Human Resources
,Female,7/27/2005,8:32 AM,79536,14.443,Product
Norma,Female,2/28/1999,8:45 PM,114412,8.756,Marketing
James,,11/22/1983,10:52 PM,68501,14.316,Marketing
Kathy,Female,3/18/2000,7:26 PM,149563,16.991,Finance
Marilyn,,8/22/1999,9:09 AM,103386,11.451,Distribution
Arthur,Male,4/13/1998,11:28 AM,89786,14.422,Legal
Terry,Male,9/3/1990,9:15 PM,52226,19.135,Client Services
Mary,Female,8/13/1999,1:03 AM,134645,18.197,Business Development
,Female,3/23/2014,1:28 PM,59148,9.061,Legal
,Female,7/9/1991,6:52 PM,42341,7.014,Sales
Christopher,Male,12/24/2011,12:22 PM,142178,17.984,Sales
Peter,,9/3/1987,5:59 PM,38989,7.017,Marketing
Michelle,Female,11/4/1996,9:34 PM,53754,5.455,Product
Irene,Female,1/29/1992,11:36 AM,133772,19.02,Sales
Patrick,Male,8/17/2007,3:16 AM,143499,17.495,Engineering
Sara,Female,9/23/1991,6:17 PM,97058,9.402,Finance
Lillian,Female,12/21/2008,6:51 PM,85446,3.959,Engineering
,,9/18/2007,6:59 PM,40297,6.185,Client Services
Willie,Male,2/17/1998,8:20 PM,146651,1.451,Engineering
Victor,Male,1/8/2003,1:02 PM,124486,10.166,Product
Wayne,Male,4/7/2012,8:00 AM,102652,14.085,Distribution
Jane,Female,9/3/1997,2:01 AM,144474,17.648,Product
Jessica,Female,10/23/1995,5:53 AM,68759,19.343,Finance
Mark,Male,4/12/2008,5:40 PM,57286,5.025,Business Development
Randy,Male,11/14/1999,12:12 PM,58129,1.952,Distribution
Lillian,Female,6/19/1999,4:44 PM,123940,12.184,Business Development
Ruth,,5/18/1999,5:56 AM,98233,2.518,Distribution
Jerry,Male,12/18/2003,6:46 AM,140810,9.177,Client Services
Sandra,Female,1/19/1983,7:25 AM,42090,8.842,Legal
,Female,2/23/2005,9:50 PM,149654,1.825,Sales
Roger,Male,11/19/2004,3:55 PM,51430,6.46,Marketing
Charles,Male,10/14/2000,9:40 PM,71749,15.931,Legal
Clarence,Male,5/2/1998,3:16 AM,85700,1.215,Sales
Carol,Female,3/19/1996,3:39 AM,57783,9.129,Finance
Lois,Female,10/18/2013,4:51 PM,36946,6.652,Engineering
Barbara,,5/3/2003,7:32 PM,99326,16.475,Legal
Rebecca,Female,2/18/1995,6:50 AM,109259,4.443,Legal
Irene,Female,1/30/2004,8:25 PM,131038,8.996,Distribution
Ronald,Male,4/30/2014,2:19 PM,121068,12.757,Product
Steven,Male,11/10/1985,10:53 AM,62719,19.127,Client Services
Carolyn,Female,11/6/2012,3:51 AM,69268,3.031,Client Services
Maria,Female,12/27/1990,9:57 PM,36067,9.64,Product
Jonathan,Male,7/17/2009,8:15 AM,130581,16.736,
Gary,Male,8/12/1987,12:04 AM,89661,8.525,Finance
Kimberly,Female,7/15/1997,5:57 AM,36643,7.953,Marketing
Roger,Male,11/8/1982,2:32 AM,140558,5.084,Sales
Diana,Female,1/4/2013,7:53 AM,103521,2.784,Business Development
Willie,Male,6/6/2006,9:45 AM,55281,4.935,Marketing
Brandon,Male,3/27/2006,5:54 PM,115711,8.012,Finance
Patricia,Female,12/6/2012,4:01 AM,114079,8.399,Client Services
Katherine,Female,11/14/1999,8:15 AM,57531,1.767,Client Services
Jonathan,Male,10/12/1987,2:59 AM,141069,4.903,Human Resources
Emily,Female,9/20/2007,11:25 AM,89434,11.295,Engineering
Ruth,Female,8/12/1986,7:29 PM,44639,9.148,Legal
Linda,Female,6/24/2006,12:04 PM,110967,19.612,Human Resources
Lisa,Female,11/2/2009,9:42 AM,115387,1.821,Client Services
Evelyn,Female,5/24/1980,11:10 PM,81673,15.364,Engineering
Julie,Female,7/23/1989,1:52 PM,109588,3.55,Engineering
Mary,Female,5/30/2009,11:41 PM,92544,3.8,Client Services
Matthew,Male,7/31/2013,8:04 AM,142373,2.462,Marketing
Douglas,Male,9/3/1999,4:00 PM,83341,1.015,Client Services
Gregory,,6/15/1992,5:08 AM,98865,10.628,Finance
Billy,Male,3/13/1995,12:05 PM,120444,7.768,Finance
,Female,6/17/1991,12:49 PM,71945,5.56,Marketing
Gregory,Male,1/29/2000,6:01 AM,109564,3.845,Legal
Jason,Male,10/17/1999,10:09 PM,78417,3.067,Finance
Daniel,Male,4/30/2010,3:48 AM,106947,15.866,Legal
Sarah,Female,9/14/1995,7:50 AM,87298,2.311,Distribution
Harry,Male,10/1/2015,7:47 PM,64579,15.266,Sales
Kathy,Female,4/19/1995,12:46 AM,50905,9.404,Finance
Todd,Male,4/13/1999,10:31 AM,59728,11.226,Client Services
Bobby,Male,9/23/1994,1:29 AM,51685,17.445,Engineering
Jeremy,Male,6/8/2000,12:15 AM,49542,1.679,Distribution
George,,2/24/1988,11:29 AM,38375,8.999,Legal
Diane,Female,4/18/1993,3:22 AM,64084,17.018,Product
Marilyn,Female,4/4/1997,9:28 PM,147663,10.263,Human Resources
Kathryn,Female,2/4/2004,1:47 PM,73935,14.752,Sales
Irene,Female,2/4/1982,5:26 PM,40837,12.182,Client Services
Norma,Female,2/11/2015,11:44 PM,94393,3.643,Engineering
Laura,Female,4/2/2006,1:57 PM,42087,2.624,Product
Cheryl,Female,9/23/2008,2:57 AM,52080,9.375,Legal
Kevin,Male,3/25/1982,7:31 AM,35061,5.128,Legal
Lillian,,5/12/2016,3:43 PM,64164,17.612,Human Resources
Phyllis,,4/21/1984,7:05 PM,94088,19.107,Distribution
Walter,Male,7/6/1983,11:54 PM,127813,5.961,Finance
Robert,Male,10/27/1990,7:15 PM,38041,18.428,Engineering
Jimmy,Male,10/7/1986,5:53 PM,126310,5.413,Product
Clarence,Male,10/8/1996,12:53 PM,142561,8.866,Client Services
Victor,Male,4/11/1991,7:44 AM,70817,17.138,Engineering
Fred,,12/2/1984,2:03 PM,59937,12.045,Human Resources
Brenda,,7/27/2010,11:07 PM,106115,3.742,Product
Justin,Male,12/6/1992,5:58 PM,82782,4.366,Distribution
Betty,Female,6/12/2002,3:59 AM,104896,19.55,Business Development
Randy,,2/6/1986,3:04 PM,133943,8.94,Sales
Sharon,,3/1/1990,3:46 AM,83658,6.513,Business Development
Ralph,Male,11/11/2004,1:35 AM,71896,4.232,Marketing
,,4/28/2003,3:01 AM,113732,10.391,Sales
Edward,Male,5/27/1985,10:13 PM,110485,7.995,Client Services
Denise,Female,3/20/2009,7:57 AM,115118,5.108,Human Resources
Debra,Female,3/13/1998,11:16 PM,48696,4.75,Legal
,Male,11/25/1999,6:16 AM,42676,15.517,Sales
Michael,Male,1/24/2002,3:04 AM,43586,12.659,
Henry,Male,2/6/1995,8:34 AM,89258,15.585,Human Resources
Gloria,Female,3/27/2007,1:44 AM,90730,2.491,Distribution
Marie,Female,8/6/1995,1:58 PM,100308,13.677,Product
Anne,Female,7/16/1986,2:08 PM,69134,3.723,Engineering
Sarah,,11/21/1985,1:08 PM,58295,14.603,Engineering
Stephanie,Female,3/24/1983,11:15 AM,50141,13.218,Human Resources
Roy,Male,9/23/2004,1:31 PM,101941,3.45,Client Services
,Female,8/5/2009,8:14 AM,115145,14.063,Distribution
,Male,2/4/2005,1:01 PM,40451,16.044,Distribution
Irene,Female,3/3/1982,8:26 AM,56526,5.81,Finance
,Female,8/2/1992,8:35 PM,145316,18.517,Human Resources
Thomas,Male,4/6/2011,1:04 PM,103235,9.554,Human Resources
Frank,,11/20/2001,10:18 AM,58563,12.062,Marketing
Fred,Male,2/20/1980,2:25 AM,74129,18.225,Product
Nicholas,Male,4/12/1994,8:21 PM,74669,1.113,Product
Howard,Male,10/5/1982,7:22 AM,97490,5.46,Marketing
Debra,Female,2/22/1994,10:25 PM,104250,18.456,Business Development
Christine,Female,7/3/1989,4:01 AM,94345,11.996,Finance
Brenda,,5/29/1991,6:32 AM,82439,19.062,Sales
Betty,Female,6/28/2005,6:03 PM,51613,12.984,Distribution
Ruby,Female,11/8/2000,7:35 PM,105946,1.139,Business Development
Kevin,Male,7/12/1997,2:07 AM,46080,9.635,Business Development
Arthur,Male,1/1/2014,7:46 PM,134610,6.147,Human Resources
Carl,,2/7/2014,3:57 AM,125104,12.345,Client Services
Todd,Male,3/11/2009,3:43 AM,107281,1.612,Engineering
Brenda,Female,10/6/2005,9:33 PM,141521,4.337,Client Services
Judy,Female,9/16/1997,12:10 AM,65931,2.304,Human Resources
Todd,Male,2/2/1984,10:13 AM,69989,10.985,Finance
Lois,Female,11/9/2011,7:06 AM,147183,9.999,Client Services
Walter,,12/21/1999,10:33 PM,66757,18.099,Distribution
Jessica,Female,9/27/1985,1:35 PM,75145,6.388,Legal
Jeremy,Male,6/14/1988,6:20 PM,129460,13.657,
Tammy,Female,11/11/1984,10:30 AM,132839,17.463,Client Services
Anne,Female,3/7/2000,6:45 AM,44537,18.284,Client Services
Jesse,Male,10/25/1999,3:35 PM,118733,9.653,Marketing
Virginia,Female,10/20/1999,6:23 AM,46905,19.154,Distribution
Jesse,Male,3/2/1981,7:26 PM,79582,3.873,Legal
Jeremy,,11/10/1996,1:49 PM,55394,3.18,Sales
Daniel,Male,9/15/2007,10:16 PM,123811,7.664,Human Resources
Patrick,,8/30/2004,11:43 AM,137314,4.542,Marketing
Emily,Female,1/13/1988,6:42 AM,36711,19.028,Human Resources
Alan,Male,6/26/1988,3:54 AM,111786,3.592,Engineering
James,Male,7/11/2015,8:52 PM,72257,13.023,Engineering
Adam,Male,7/5/2007,11:59 AM,71276,5.027,Human Resources
Joan,,7/25/1980,12:22 PM,38712,3.657,Client Services
Jeremy,Male,8/12/1981,12:05 AM,46930,18.702,Finance
Margaret,Female,2/6/1993,1:05 PM,125220,3.733,Marketing
Mark,Male,4/1/1984,1:21 PM,121477,17.44,Business Development
Marilyn,Female,9/26/1981,2:23 AM,86386,2.937,Distribution
Cheryl,Female,9/8/2009,10:16 AM,81308,2.196,Legal
Benjamin,Male,9/11/1984,6:37 AM,84810,15.794,Marketing
Harold,Male,2/20/1990,11:00 PM,66775,2.158,Legal
Ernest,,1/18/2002,1:51 AM,72145,13.448,Finance
Gerald,Male,4/16/2001,10:09 PM,121604,1.923,Sales
Judy,Female,7/1/1991,2:33 AM,109510,13.457,Legal
Bobby,Male,3/31/1996,5:40 PM,112117,6.338,
Bobby,,9/1/1995,2:09 PM,108127,15.858,Client Services
Marie,Female,10/3/2013,8:05 PM,123711,10.966,Product
Kathy,Female,12/18/2013,3:09 PM,132381,8.34,Business Development
Roy,Male,8/6/2006,7:52 AM,148225,1.841,Finance
Jacqueline,Female,11/25/1981,3:01 PM,145988,18.243,Marketing
,Female,7/8/2008,11:40 PM,62960,14.356,Sales
Julie,Female,3/23/1986,9:26 AM,56926,7.507,Sales
Douglas,Male,1/8/2002,6:42 PM,41428,14.372,Product
Linda,Female,12/16/1990,2:20 AM,115658,3.041,Sales
Ruby,Female,12/10/1988,8:27 PM,76707,6.031,Business Development
Russell,Male,1/2/2005,1:48 AM,60388,17.885,Client Services
Jeffrey,Male,6/18/1997,8:01 PM,45150,12.075,Product
Aaron,Male,1/29/1994,6:48 PM,58755,5.097,Marketing
Samuel,Male,12/19/1991,2:54 AM,76076,5.319,Finance
,Male,1/27/2010,2:57 AM,87760,14.987,Engineering
Randy,Male,3/16/2014,6:24 PM,135119,7.887,Client Services
Evelyn,Female,9/3/1983,1:58 PM,36759,17.269,Marketing
Fred,Male,2/13/1987,2:15 PM,121723,18.645,Product
Shirley,Female,6/8/1986,2:25 AM,110061,7.494,Client Services
Todd,Male,5/23/2011,4:14 PM,85074,1.844,Client Services
Robert,Male,11/18/2014,5:00 AM,85799,19.93,Finance
Mark,Male,1/22/2007,2:37 PM,75150,12.182,Legal
Earl,Male,1/5/2000,5:46 PM,91344,4.035,Sales
Richard,Male,9/27/2005,1:41 AM,86326,10.717,Product
Michael,Male,11/22/1991,12:57 PM,98753,16.443,Human Resources
Steven,Male,5/12/2009,2:14 PM,113060,2.846,Sales
Carlos,Male,9/19/2007,1:01 AM,77327,11.58,Finance
Marie,Female,10/20/2011,10:09 PM,62666,10.247,Product
Ronald,Male,2/24/2009,2:09 PM,96633,4.99,Engineering
Scott,Male,5/12/2009,4:36 AM,58248,3.914,Business Development
Steven,Male,11/21/2006,8:30 AM,83706,6.96,Human Resources
James,Male,11/22/1998,3:48 AM,74086,5.778,Human Resources
Lori,Female,3/31/1988,10:59 PM,95389,14.223,Sales
Philip,Male,8/2/1989,11:21 AM,129968,19.897,Finance
Phyllis,Female,11/24/2005,11:57 PM,140347,8.723,Sales
Thomas,,8/31/1995,8:31 PM,41549,3.95,Sales
Cynthia,Female,12/3/2012,11:03 PM,74287,10.751,Sales
,Male,10/9/2011,9:29 AM,69906,4.844,Engineering
,Male,4/22/1997,9:36 PM,65078,3.095,Marketing
Elizabeth,Female,11/10/2005,4:56 AM,106406,1.782,Legal
Andrea,Female,9/14/2003,10:30 PM,115913,12.121,Legal
Judy,Female,2/1/1990,3:32 PM,38092,5.668,Distribution
Russell,Male,8/13/2014,3:51 PM,121160,7.843,Engineering
Scott,Male,12/17/2011,3:45 AM,90429,4.45,Product
Sarah,Female,5/22/1994,7:06 AM,64207,7.824,Client Services
Susan,Female,9/25/2004,1:30 AM,80688,18.892,Sales
Margaret,Female,5/5/2014,6:01 AM,55044,4.078,Sales
Joshua,Male,11/9/2009,6:32 AM,72893,9.555,Distribution
Justin,,4/15/2005,8:43 PM,96978,13.865,Finance
Juan,Male,4/16/2002,11:09 PM,97364,3.595,Product
Gloria,,7/19/1983,1:57 AM,140885,1.113,Human Resources
Jennifer,,1/24/1989,8:38 PM,58520,16.231,Client Services
Edward,Male,8/4/1989,6:06 AM,66067,10.957,
Marilyn,Female,12/17/1982,12:10 PM,147183,8.748,Business Development
Mary,Female,10/18/2009,6:32 PM,87721,12.484,Product
Linda,Female,7/15/2009,10:12 PM,144001,2.194,Business Development
Larry,Male,8/27/2003,1:00 PM,91133,5.14,Sales
Albert,Male,2/1/1997,4:20 PM,67827,19.717,Engineering
Kenneth,Male,4/13/1999,10:28 PM,81839,12.072,Sales
,Female,12/31/2006,11:02 PM,81444,3.171,Distribution
Gregory,,7/9/2011,11:31 PM,137661,4.805,Sales
Brandon,Male,10/16/2015,2:44 AM,112548,4.664,Engineering
Stephen,Male,4/9/1987,12:47 PM,111249,10.574,Human Resources
Russell,Male,10/30/1994,5:46 AM,114334,9.669,Product
,Female,9/18/2002,12:39 PM,118906,4.537,Marketing
Pamela,,7/15/2001,1:33 PM,72979,5.66,Sales
Scott,Male,8/3/1996,1:50 AM,64172,10.894,Engineering
,Female,4/18/1996,3:57 PM,107024,12.182,
Carlos,Male,7/28/2010,3:08 PM,50167,2.362,Product
Jack,Male,12/24/1980,10:58 PM,106995,15.723,Product
Debra,Female,1/19/2010,8:48 AM,70492,8.895,Client Services
Phyllis,Female,1/15/1995,5:27 AM,125881,16.697,Sales
Robert,Male,10/29/1994,4:26 AM,123294,19.894,Client Services
Gloria,Female,9/19/1989,7:40 PM,131045,11.312,Product
Sharon,,10/28/1984,5:59 PM,97635,10.413,Client Services
Barbara,,4/26/2001,12:22 AM,94493,13.443,Sales
Marilyn,Female,8/15/1989,9:14 AM,140502,9.989,Sales
Ralph,Male,10/27/2010,10:28 AM,106310,4.03,Client Services
Harry,,12/5/1996,5:45 AM,46240,6.976,Engineering
Robin,Female,1/8/1998,2:12 AM,111163,5.025,Product
Kathy,Female,11/25/2001,9:55 PM,93753,7.094,Sales
Rose,Female,7/6/2002,3:57 PM,63494,19.385,Human Resources
Clarence,Male,1/13/2005,9:00 AM,116693,13.835,Distribution
Doris,Female,7/29/1992,6:40 PM,85215,7.425,Human Resources
Kathryn,Female,6/9/1988,9:29 AM,86439,7.799,Finance
Billy,,3/16/2004,8:21 AM,62913,18.241,Marketing
Norma,Female,4/16/1996,5:40 AM,38872,9.302,Business Development
Richard,,11/28/1992,5:05 PM,124655,14.272,Engineering
Craig,Male,2/8/1984,4:45 AM,113506,19.642,Marketing
Sarah,,7/20/1990,10:49 PM,109980,8.86,Sales
Sharon,Female,3/9/2014,4:39 PM,91522,7.564,Finance
Mary,Female,8/22/2010,8:03 AM,42214,17.538,Business Development
Steve,,2/23/2002,3:55 AM,83159,9.55,Distribution
Joe,Male,12/5/2010,4:20 PM,144082,1.62,Client Services
Jeremy,Male,5/29/1994,6:24 AM,47885,19.276,Human Resources
Ernest,Male,8/14/2012,11:25 AM,126232,6.191,Sales
Kevin,Male,6/23/1981,8:26 PM,134598,11.699,Business Development
Jacqueline,Female,2/11/2007,2:01 AM,66604,14.609,Legal
Johnny,Male,9/14/1992,8:21 AM,115194,5.861,Marketing
Gary,Male,8/18/2011,8:12 AM,49101,11.9,Business Development
Shirley,,11/16/1990,6:01 PM,67811,12.699,Finance
,Male,6/29/2008,5:23 AM,111043,5.966,Distribution
Sarah,,8/31/1981,2:51 PM,37748,9.047,Human Resources
Julia,Female,3/2/1982,12:52 PM,36403,2.664,Finance
Dorothy,Female,11/5/2013,10:50 PM,140136,3.12,Business Development
Justin,Male,5/22/1986,6:30 AM,121508,19.334,Finance
Kevin,Male,11/20/1986,6:59 PM,79906,18.021,Sales
Victor,Male,9/24/2005,12:04 PM,123144,16.261,Product
Deborah,Female,11/25/1980,4:33 AM,46953,17.436,Client Services
Matthew,,6/9/2003,7:35 AM,79443,14.637,Human Resources
Alice,Female,5/2/1986,1:50 AM,51395,2.378,Finance
Todd,Male,3/16/2016,2:45 PM,134408,3.56,Human Resources
Frank,Male,1/10/1981,1:30 PM,71853,8.037,Sales
Christopher,Male,5/13/1999,10:48 AM,68028,7.869,Finance
Rose,Female,5/28/2015,8:40 AM,149903,5.63,Human Resources
Andrea,Female,10/1/2010,11:54 AM,79123,19.422,Distribution
Charles,Male,12/16/1999,8:28 PM,104014,7.077,Legal
Jessica,,3/7/2015,8:45 PM,121160,12.993,Client Services
Wanda,Female,7/20/2008,1:44 PM,65362,7.132,Legal
Joyce,Female,2/7/1995,7:38 AM,50701,14.227,
Billy,Male,12/1/2006,3:32 PM,144709,10.069,Distribution
Kathryn,Female,8/29/2007,6:10 AM,53061,11.864,Finance
Denise,Female,3/18/2001,12:02 AM,36697,11.196,Sales
Jason,Male,11/20/1998,2:54 PM,69244,6.22,
Nicholas,Male,3/1/2013,9:26 PM,101036,2.826,Human Resources
Aaron,Male,7/22/1990,2:53 PM,52119,11.343,Client Services
Louise,Female,5/13/2003,9:47 AM,46666,1.886,Business Development
Julie,Female,4/23/1998,5:52 AM,73437,2.518,Finance
Kathy,Female,5/8/1987,6:19 PM,86318,18.492,Sales
,Male,5/24/2016,9:17 PM,76409,7.008,Distribution
Chris,Male,12/12/2006,1:57 AM,71642,1.496,
Cheryl,Female,8/16/1994,8:33 AM,67150,15.85,Marketing
Gregory,Male,5/15/2009,3:52 PM,142208,11.204,Engineering
Wayne,Male,1/30/1992,3:01 PM,81183,17.066,Client Services
Beverly,Female,11/30/2005,2:57 AM,107163,3.665,Human Resources
Willie,Male,8/22/2009,1:03 PM,55038,19.691,Legal
Terry,,7/15/2016,12:29 AM,140002,19.49,Marketing
Scott,Male,11/17/2012,2:47 PM,146812,1.965,Marketing
Annie,Female,12/19/1994,6:19 AM,40119,4.338,Human Resources
,Male,2/21/1995,12:26 AM,136602,10.429,Marketing
Ruth,Female,10/24/2000,4:13 AM,69579,18.029,Human Resources
Deborah,,2/3/1983,11:38 PM,101457,6.662,Engineering
Patricia,Female,1/9/2015,4:16 AM,121232,16.624,Legal
Albert,Male,9/30/2007,5:34 PM,102626,15.843,Finance
Charles,,3/1/1987,1:00 PM,137171,5.574,Marketing
Tina,Female,1/17/2005,9:11 AM,88276,14.248,Legal
Jeremy,Male,8/9/2001,3:56 AM,43354,13.946,Marketing
Craig,Male,4/14/1996,9:17 AM,125556,7.996,Engineering
Jose,Male,7/11/2002,9:15 AM,59862,3.269,Product
Lawrence,Male,5/13/2005,1:25 AM,74640,18.641,Marketing
Helen,Female,10/31/1997,2:43 AM,52875,4.188,Legal
Walter,Male,8/4/2007,1:59 PM,58789,5.461,Sales
Amy,Female,6/19/2002,3:06 AM,122897,8.222,Engineering
Janice,Female,6/28/1997,1:48 PM,136032,10.696,Marketing
Stephen,Male,5/9/2015,7:07 PM,141958,9.078,Legal
Ryan,Male,7/20/1993,10:18 PM,139917,11.466,Distribution
Sharon,Female,3/12/2002,6:32 AM,147635,14.693,Human Resources
Joshua,Male,7/10/1984,7:22 PM,68230,8.047,Client Services
Clarence,Male,8/20/1992,8:23 PM,124365,8.457,Business Development
Jonathan,Male,8/15/2002,12:01 AM,104749,11.364,Engineering
Stephanie,Female,11/26/1992,12:54 AM,122121,7.937,Engineering
Kathy,Female,10/25/1996,12:59 PM,143541,8.461,Human Resources
Albert,Male,8/14/2008,5:43 PM,137840,9.705,Business Development
Michael,Male,5/22/2011,10:42 AM,73354,18.357,Business Development
Richard,Male,7/4/1997,11:47 AM,47647,18.787,
Amy,Female,3/30/2008,10:54 PM,106249,15.967,Sales
,Female,4/27/2013,6:40 AM,93847,1.085,Business Development
Beverly,,5/3/1995,5:49 AM,104815,3.38,Product
,Female,4/26/1992,8:01 PM,115436,3.099,Human Resources
Joe,Male,4/14/2000,3:14 PM,50645,11.119,Marketing
Ashley,Female,8/15/1997,9:48 PM,142415,1.985,Finance
Howard,Male,4/9/2012,6:36 AM,37984,2.021,Distribution
Cheryl,Female,12/3/2014,9:27 AM,71751,15.918,Business Development
Robert,Male,3/11/2007,11:20 AM,135882,19.944,Legal
Sharon,Female,7/1/2011,9:50 AM,46007,19.731,Client Services
Judith,Female,11/23/2007,1:22 PM,117055,7.461,Marketing
Nicholas,,9/9/1989,7:12 PM,58478,6.525,Distribution
Jerry,Male,1/30/1995,7:51 PM,121357,18.845,Business Development
Craig,Male,11/1/2005,11:31 PM,44857,13.266,Finance
Barbara,Female,3/21/2002,8:02 AM,47322,7.25,Sales
Eugene,Male,5/24/1984,10:54 AM,81077,2.117,Sales
Johnny,Male,2/26/2016,7:39 PM,76394,5.437,Marketing
Benjamin,Male,5/5/2013,3:28 PM,114356,7.123,Client Services
Diana,Female,6/13/1994,4:21 PM,41831,4.548,Business Development
Barbara,,12/10/1980,11:04 PM,90187,14.764,Distribution
Christine,Female,2/1/2003,1:11 PM,72613,11.126,Legal
Sean,Male,2/11/2013,7:07 PM,42748,9.765,Distribution
Sarah,Female,11/3/1980,2:47 PM,37259,1.763,Client Services
Roger,Male,8/3/2015,4:56 PM,125033,4.887,Marketing
,Female,6/24/2014,10:05 AM,38275,10.494,Distribution
,Male,4/20/1980,1:17 PM,71520,13.248,Engineering
Donald,Male,7/14/1995,7:51 AM,106472,6.499,Client Services
Clarence,Male,11/3/2015,12:11 AM,103684,18.654,Engineering
Scott,Male,11/23/1996,7:36 PM,96111,15.592,Human Resources
Ann,Female,11/4/1984,12:17 PM,90719,6.22,Business Development
Frank,Male,4/27/2003,12:04 PM,140303,17.07,Legal
Joe,Male,7/4/1983,7:32 AM,62161,8.13,Business Development
Wanda,Female,4/6/1993,3:11 AM,78883,19.695,
Jimmy,Male,11/19/2013,7:29 PM,63549,19.624,
Amy,,12/25/1984,10:52 AM,63888,18.115,Product
Larry,Male,1/8/1999,2:05 AM,97370,10.458,Sales
Gloria,Female,4/12/1992,8:26 PM,66224,15.979,Legal
Ruth,Female,12/12/1996,10:07 AM,97915,3.997,Human Resources
Diana,Female,1/19/1995,12:37 AM,86883,18.003,Product
Raymond,Male,2/16/2009,10:38 PM,37812,3.178,Human Resources
Peter,Male,2/22/2003,9:09 AM,56580,8.411,
,,9/25/1981,9:59 AM,83895,17.971,Engineering
Catherine,Female,8/31/2013,7:24 PM,58047,14.858,Distribution
Diane,Female,7/5/1982,4:56 PM,124889,15.026,Sales
Peter,,10/13/2014,9:33 PM,118840,14.509,Client Services
Steve,Male,8/22/1995,6:58 AM,67780,9.54,Human Resources
Barbara,Female,3/22/2004,8:11 AM,144677,8.696,Finance
Helen,,12/2/1993,1:42 PM,45724,1.022,Product
Jimmy,,8/26/1983,2:48 AM,86676,7.175,Product
Christopher,Male,4/23/2014,7:52 AM,82401,7.252,Client Services
Kathleen,Female,6/13/2014,9:16 AM,35575,14.595,Distribution
Virginia,Female,5/2/2010,9:10 PM,123649,10.154,Marketing
Lisa,Female,2/26/2005,6:33 PM,38078,10.28,Product
Earl,Male,2/11/2014,9:03 PM,52620,13.773,Product
Gerald,,1/8/1992,3:50 PM,133366,12.292,Legal
Louise,Female,9/18/1981,5:47 AM,91462,8.205,Marketing
Clarence,Male,8/26/1982,9:47 AM,146589,4.905,Business Development
Cynthia,Female,9/14/1991,1:08 PM,51633,13.472,Business Development
Adam,Male,10/8/2010,9:53 PM,45181,3.491,Human Resources
Justin,Male,9/6/1999,10:30 AM,62454,3.459,Sales
,Female,12/2/2009,3:30 AM,84746,4.82,Finance
Ruby,Female,5/1/1999,3:36 AM,147362,7.851,Engineering
Amanda,Female,8/1/2004,1:32 PM,80803,14.077,Distribution
Anna,Female,4/15/2008,2:34 PM,117293,2.366,Client Services
Roger,Male,7/3/2010,5:11 PM,105689,13.32,Marketing
Julie,,2/4/1999,5:35 PM,93302,9.048,Product
Joseph,Male,9/10/1992,6:50 PM,102555,3.672,Product
Evelyn,Female,9/22/1998,7:55 PM,51525,10.366,Finance
Janice,Female,1/2/1984,9:06 PM,41190,3.311,Sales
Sara,Female,2/25/1980,10:50 PM,75484,3.186,Finance
Gregory,Male,6/18/1984,3:46 AM,82726,16.304,Marketing
Philip,Male,7/18/1985,6:36 AM,122319,19.122,Engineering
Barbara,Female,9/2/1991,3:41 PM,127297,11.905,Product
Amanda,Female,6/7/2002,7:46 AM,109290,13.853,Engineering
Phyllis,,10/25/1985,7:11 AM,99150,6.007,Client Services
Anne,Female,10/26/1996,8:09 PM,71930,18.451,Product
Arthur,Male,12/16/2014,4:56 PM,66819,6.639,Marketing
Jane,Female,6/1/1994,8:39 AM,42424,18.115,Distribution
Linda,Female,8/18/1985,4:34 AM,51431,13.295,Engineering
Ashley,Female,11/17/1999,9:18 PM,120675,6.51,Human Resources
Shawn,Male,12/3/2009,10:24 AM,96610,2.097,Client Services
Kathleen,Female,9/20/1996,3:45 PM,71430,8.572,Engineering
Sara,,10/7/1983,1:35 PM,87713,18.863,Legal
Randy,Male,5/2/2002,7:39 PM,86723,14.842,Engineering
Andrew,Male,3/29/1985,6:57 PM,43414,7.563,Client Services
Marilyn,Female,8/9/2006,11:24 AM,87145,17.33,Human Resources
Johnny,Male,1/8/1995,1:35 PM,91124,12.986,Distribution
,Female,4/1/1980,8:04 PM,48141,12.605,
Susan,Female,4/18/1986,9:31 AM,90829,19.142,Marketing
Ruby,Female,7/7/1980,3:42 AM,101262,6.773,Client Services
Kelly,Female,8/16/1996,3:09 AM,41427,1.431,Product
Jonathan,Male,4/6/1995,10:38 PM,56993,18.623,Marketing
Raymond,Male,1/13/1996,4:14 PM,114244,16.69,Human Resources
Kimberly,Female,12/30/1981,4:51 AM,81800,5.435,
,Female,1/13/2009,1:01 PM,118736,7.421,Client Services
John,Male,1/22/1995,12:17 AM,66077,5.809,Product
Michael,Male,7/30/1993,5:35 PM,35013,14.879,Product
Jerry,Male,5/4/2003,4:29 AM,98393,11.393,Client Services
Amanda,Female,3/17/1982,11:46 PM,107111,1.438,Product
Harold,Male,10/18/2010,8:45 PM,65673,1.187,Legal
Harry,Male,1/27/1985,8:18 PM,65482,18.089,
Ernest,Male,1/28/1990,12:08 AM,81919,15.118,Marketing
Harry,Male,11/19/1982,11:25 AM,59277,10.2,Finance
Diane,Female,2/2/1988,6:14 PM,49501,13.506,Business Development
Jack,Male,5/30/2012,3:17 AM,70367,18.266,Legal
Shirley,Female,4/16/1988,11:09 AM,132156,2.754,Marketing
Rose,Female,10/30/2004,4:34 PM,56961,7.585,Marketing
Cheryl,Female,7/23/1982,6:28 AM,98841,8.945,Client Services
Cynthia,Female,5/23/1980,3:19 AM,78226,2.419,Human Resources
Sandra,Female,4/24/1995,7:14 PM,116931,9.657,Human Resources
Andrea,Female,10/30/1994,11:23 AM,87575,13.346,Business Development
Rachel,Female,4/22/1988,12:01 PM,110924,7.808,Distribution
Justin,Male,5/24/1981,11:15 PM,78351,15.221,Sales
Marie,Female,11/23/2000,5:06 AM,125574,4.644,Sales
Louis,Male,4/15/2011,5:02 AM,95198,2.075,Business Development
Nancy,Female,5/7/1985,10:20 PM,121006,3.512,Finance
Mark,Male,10/3/1984,5:31 AM,95728,6.752,Business Development
Teresa,Female,6/24/1987,7:37 PM,69740,8.294,Distribution
Frances,Female,7/21/2001,2:34 AM,91996,11.506,Product
,Female,10/11/1990,10:57 PM,98385,10.925,Human Resources
Barbara,,12/20/1994,10:09 AM,90556,15.749,Distribution
Christine,,6/15/1980,6:00 PM,50366,9.862,Marketing
Bobby,,7/21/2003,3:50 PM,84232,15.704,Engineering
Carl,,10/26/1991,8:11 AM,100888,12.49,Business Development
Bruce,Male,3/15/2013,11:13 PM,141335,15.427,Engineering
Rose,Female,5/20/1982,9:14 AM,97691,2.142,Client Services
Mildred,Female,2/21/1981,3:30 AM,47266,10.256,Client Services
,Male,10/13/1983,11:59 PM,139754,12.74,Sales
,Female,10/24/1993,5:17 PM,116236,17.274,Engineering
Todd,Male,2/16/2010,11:29 AM,103405,15.91,Sales
Alan,Male,2/17/2012,12:26 AM,41453,10.084,Product
Elizabeth,,2/16/1981,3:58 AM,52730,12.525,Marketing
Julie,,10/21/2000,1:15 AM,60361,7.099,Distribution
Teresa,,1/3/1992,3:47 PM,63103,11.378,Finance
Eric,Male,11/12/2004,9:16 PM,65168,11.513,Distribution
Edward,Male,8/30/2001,1:24 AM,73105,6.083,Engineering
Kimberly,Female,12/6/1986,2:23 PM,37916,12.929,Distribution
Kathy,Female,1/14/2001,5:11 AM,45682,1.451,Marketing
Peter,Male,11/24/1992,5:43 PM,69297,1.268,Finance
Beverly,Female,10/22/1990,2:45 PM,59070,19.064,Engineering
Ralph,Male,3/7/2012,2:25 AM,81215,8.4,Finance
Justin,Male,8/10/1997,11:00 PM,128036,18.824,Client Services
Irene,Female,6/23/2005,11:03 AM,89780,8.999,Sales
Irene,Female,11/29/2006,2:14 PM,125018,9.601,Legal
Jeremy,Male,11/26/1997,8:22 AM,133033,12.2,Sales
Cynthia,Female,6/29/2015,6:38 AM,82408,8.701,Marketing
,Female,4/13/1997,8:03 AM,131755,2.93,
Anne,Female,11/21/1984,12:30 PM,128305,16.636,Marketing
,,9/2/1988,12:49 PM,147309,1.702,Distribution
Debra,Female,3/12/1983,12:19 PM,74911,19.513,Marketing
Michael,Male,7/13/1988,1:48 PM,47079,2.617,Legal
Jason,,3/6/2008,1:20 AM,82873,1.869,Client Services
Rebecca,Female,2/23/1990,3:21 PM,134673,6.878,Engineering
Andrea,Female,11/17/2011,2:37 PM,123591,6.5,Engineering
Carl,Male,3/30/1987,5:59 PM,75598,19.289,
Randy,Male,9/27/2000,3:04 AM,89831,13.047,
Marilyn,Female,7/2/1984,4:06 PM,92430,2.924,Engineering
Wayne,Male,9/2/2009,1:37 AM,126956,18.396,Human Resources
Frances,Female,11/12/1996,6:08 PM,112467,1.433,Business Development
Amanda,,8/11/1991,2:15 PM,46665,19.391,Client Services
Kathleen,Female,8/28/2004,10:49 AM,42553,3.756,Distribution
Amanda,Female,1/25/1995,5:06 AM,102081,5.203,Sales
Amanda,,3/16/2010,9:17 AM,135118,15.108,Finance
Shawn,Male,9/29/1987,10:11 PM,71975,9.77,Human Resources
Katherine,Female,8/13/1996,12:21 AM,149908,18.912,Finance
Anna,,3/13/1985,9:19 AM,45418,10.162,Marketing
Elizabeth,Female,2/21/2010,7:02 AM,79145,19.78,Finance
Donald,Male,4/6/1988,10:00 AM,122920,5.32,
Gregory,Male,11/15/1999,5:22 PM,128031,15.857,Business Development
Ruth,Female,2/17/2004,5:38 AM,59969,14.064,Finance
Cynthia,Female,7/5/1986,1:24 AM,35381,11.749,Finance
Deborah,Female,11/21/1985,1:40 PM,113129,17.371,Client Services
Willie,Male,12/5/2009,5:39 AM,141932,1.017,Engineering
Debra,Female,5/28/2006,6:51 AM,42296,16.922,Product
Carl,Male,12/14/1984,8:49 PM,63395,11.411,Legal
Walter,Male,9/24/2007,11:16 PM,125382,13.613,Client Services
Lisa,Female,2/9/1982,6:44 PM,113592,17.108,Marketing
Rebecca,Female,3/5/2000,10:33 AM,46750,11.367,Sales
Jessica,Female,10/19/1986,9:58 PM,90285,13.591,Client Services
Steve,,8/27/2009,3:41 PM,53692,4.785,Marketing
Mary,,12/24/1986,7:02 PM,100341,6.662,Distribution
Craig,Male,8/21/1995,2:38 AM,123876,4.225,Engineering
Katherine,Female,12/19/2000,1:40 AM,41643,4.659,Distribution
Andrea,Female,8/31/1989,11:10 PM,113760,12.866,Distribution
Timothy,Male,10/6/2010,10:49 PM,49473,12.463,Legal
Anthony,Male,2/13/2013,1:35 PM,146141,3.645,Distribution
Harold,,2/4/2004,11:02 AM,79459,7.776,Business Development
Douglas,,2/4/2009,2:03 AM,104496,14.771,Marketing
James,Male,12/5/2001,7:06 AM,67789,17.105,Legal
Joseph,,3/28/1982,1:05 PM,86564,11.879,
Martha,Female,9/14/2001,3:22 AM,135758,14.782,Client Services
Laura,Female,7/12/2000,6:07 PM,84672,3.96,Distribution
Robert,Male,11/5/1982,12:41 PM,111580,10.982,Human Resources
Ralph,Male,3/24/1996,11:54 AM,50455,16.248,Business Development
,Male,8/28/2012,7:56 PM,88733,1.932,Human Resources
Diane,Female,10/30/2009,6:56 PM,130577,12.791,Marketing
Annie,Female,6/6/1992,10:04 AM,138925,9.801,Marketing
Jacqueline,Female,9/20/1994,6:07 PM,62371,15.77,Client Services
Brenda,Female,4/17/1984,7:12 AM,87715,2.675,Product
Lori,Female,9/11/2002,7:36 AM,66029,3.345,Client Services
Albert,Male,6/17/1992,3:25 AM,86818,14.301,Engineering
Frank,Male,11/23/2002,6:10 PM,75147,17.398,Product
Deborah,Female,4/23/2000,6:55 PM,105573,5.268,Product
Robin,,12/20/2005,2:42 PM,41230,6.611,Distribution
Alice,Female,1/21/2016,5:07 PM,117787,10.485,
,Male,10/20/1989,9:37 AM,88086,19.387,Finance
Paul,,2/18/2011,12:23 PM,91462,18.704,Finance
,Male,12/27/1996,7:07 AM,139959,8.992,Distribution
Brian,Male,4/7/2007,10:47 PM,93901,17.821,Legal
Julie,,5/8/1980,6:31 AM,50529,17.263,Finance
Bruce,Male,1/28/2007,11:10 PM,134988,13.926,Sales
Joan,Female,10/2/2007,2:53 AM,120941,3.694,Finance
Harold,Male,5/15/2007,6:37 PM,118753,8.162,Sales
Alice,Female,10/16/1995,9:19 PM,92799,2.782,Sales
Barbara,Female,11/12/2011,12:35 AM,85718,13.326,Client Services
Sarah,Female,4/6/1999,11:17 AM,109517,5.146,Human Resources
Samuel,Male,5/25/2012,4:40 PM,85550,11.593,Marketing
,Male,5/23/1990,2:09 AM,136655,9.801,Distribution
Barbara,,8/2/2002,5:13 AM,43312,8.218,Legal
Amy,,5/19/1984,11:47 AM,102839,10.385,Distribution
Frank,Male,3/2/2009,9:15 PM,78891,7.927,Distribution
Robin,,9/16/2005,1:26 AM,93201,11.712,Legal
Debra,Female,3/17/2011,1:12 PM,84693,6.976,Finance
Brandon,,5/31/2004,3:36 PM,73587,9.769,Human Resources
Thomas,Male,9/7/1991,9:51 AM,65251,11.211,Distribution
Harry,Male,9/23/2015,1:36 AM,129148,15.193,Engineering
Todd,Male,7/4/1993,6:53 PM,128175,18.473,
Patricia,Female,3/7/1998,1:10 AM,75825,7.839,Engineering
Steve,Male,1/11/2002,9:17 PM,51821,1.197,Legal
,Male,4/7/1995,4:32 AM,60411,12.048,Human Resources
Edward,Male,11/27/1997,1:00 AM,58327,17.095,Finance
Karen,Female,1/9/2014,10:09 PM,46478,16.552,Engineering
Martin,,2/6/2001,4:17 AM,123963,15.745,Engineering
Ann,Female,9/28/1994,5:44 AM,79796,9.851,Distribution
Jonathan,Male,7/30/1984,6:02 PM,83809,12.922,Distribution
Peter,Male,3/22/1982,7:28 AM,77933,13.132,Engineering
Eric,Male,6/15/1993,3:56 AM,51070,13.806,Business Development
Jason,,4/15/1988,8:16 PM,97480,11.518,Human Resources
Terry,Male,10/21/2010,11:18 PM,58357,7.969,Engineering
John,Male,1/29/1999,3:07 AM,67165,13.001,Engineering
Marie,Female,4/8/1983,2:01 PM,145988,18.685,Human Resources
Harold,Male,4/16/2010,5:13 AM,147417,11.626,Business Development
Joshua,Male,6/27/1997,3:23 PM,95003,5.197,Marketing
Brandon,,9/5/1992,2:32 AM,144187,11.416,Legal
Andrea,Female,12/10/2001,6:40 AM,37888,13.47,Engineering
Jeremy,Male,5/19/1991,1:40 PM,131513,1.876,Finance
Daniel,Male,2/29/2016,4:04 AM,77287,13,
Roy,Male,5/10/2004,1:22 PM,46875,12.942,Sales
Dorothy,Female,10/8/2008,12:22 AM,82744,19.111,Client Services
Steven,Male,9/7/1986,12:32 AM,43252,18.892,Client Services
Nicole,Female,4/26/2009,12:40 AM,66047,18.674,Marketing
Ann,Female,7/16/2001,9:27 AM,118431,12.772,Finance
Henry,Male,5/12/1986,2:04 AM,59943,1.432,Finance
,Male,6/17/2009,1:00 PM,136681,3.655,Business Development
,Female,12/18/1994,8:42 PM,138807,1.4,Human Resources
Barbara,Female,11/26/2002,5:32 AM,82884,6.837,Business Development
Judy,Female,4/5/2011,1:44 AM,48668,11.716,Product
Lawrence,Male,7/23/2011,3:41 AM,122971,14.618,Product
Joseph,Male,10/10/2010,11:12 PM,107050,12.737,Business Development
Carlos,Male,1/25/1981,10:00 AM,138598,14.737,Sales
Russell,,5/9/2009,11:59 AM,149456,3.533,Marketing
Jane,Female,7/10/1999,7:02 PM,128540,15.941,Legal
Martin,Male,2/25/2016,6:29 PM,61117,2.844,Client Services
Steven,Male,5/30/1980,8:25 PM,100949,13.813,Human Resources
Judy,,7/15/2011,3:38 PM,46829,5.19,Finance
James,Male,2/16/2008,2:49 AM,69111,14.625,Business Development
Gloria,Female,8/19/2004,10:31 AM,46602,1.027,Business Development
Ernest,Male,6/30/2001,1:46 PM,61181,16.559,Business Development
Martha,Female,7/17/1997,11:11 PM,94963,19.626,Business Development
Janet,,1/25/1986,5:48 AM,85789,9.712,Legal
Louis,,2/5/1983,6:39 PM,145274,16.379,Product
Tina,Female,8/6/1999,3:18 AM,102841,3.369,Client Services
Henry,Male,2/23/2007,3:24 AM,49665,18.338,Business Development
Antonio,Male,6/6/1999,10:54 PM,41928,5.478,
Lisa,Female,4/11/2007,1:04 AM,128042,2.03,Legal
Denise,Female,2/19/1984,6:22 AM,86150,3.997,Client Services
Stephen,Male,10/21/1984,6:26 AM,121816,10.615,Distribution
Benjamin,Male,4/12/1988,11:32 PM,123409,7.783,Product
Carl,,8/18/2007,8:01 AM,98295,7.617,Legal
Ruth,Female,9/2/1980,6:52 AM,59678,10.895,Distribution
Shawn,Male,12/29/2006,3:05 AM,57871,4.02,Human Resources
Jennifer,Female,3/31/2015,7:43 PM,132084,10.006,Engineering
Terry,Male,11/10/2004,4:33 AM,35633,3.947,Distribution
Jacqueline,Female,7/27/2008,12:08 PM,125298,3.019,Legal
Roger,Male,5/2/1988,10:04 PM,115582,15.343,Sales
Alice,,4/23/1995,6:35 AM,148339,11.479,Finance
Justin,Male,7/25/1991,12:45 AM,112975,9.699,Human Resources
Janet,Female,7/12/2008,12:10 PM,36927,18.769,Client Services
Robin,Female,3/26/2004,5:41 PM,70248,9.66,Sales
Samuel,,10/7/2002,3:08 AM,141305,9.849,Marketing
Katherine,Female,9/22/2006,8:08 PM,72002,13.178,Product
Peter,Male,5/22/1991,1:39 AM,102577,12.026,Product
Lillian,Female,8/14/2009,5:41 AM,113554,18.018,Business Development
,Male,10/24/1986,9:23 AM,47176,10.736,Finance
,Female,6/18/2000,7:36 AM,106428,10.867,
Rose,Female,11/3/1999,9:06 AM,75181,6.06,Finance
Bobby,Male,9/30/2004,10:52 PM,79047,18.784,Human Resources
Kimberly,Female,4/20/1986,3:55 PM,52970,4.513,Sales
Antonio,Male,12/28/2003,4:17 AM,137979,5.266,Distribution
Doris,Female,9/8/1984,7:03 PM,114360,17.799,Business Development
Steven,Male,7/5/2009,4:55 AM,110306,16.843,Human Resources
Lawrence,Male,7/3/1995,10:55 PM,46378,9.127,
,Male,5/6/1986,4:41 PM,74104,17.68,Client Services
,,4/15/1991,3:39 AM,132505,13.592,Product
Stephanie,Female,9/14/1982,8:14 AM,96649,3.453,Sales
,Female,7/24/1982,12:00 AM,57811,8.941,Marketing
Sandra,Female,9/7/1989,4:17 PM,111468,2.58,Product
Kevin,Male,7/1/2005,3:22 PM,141498,4.135,Sales
Michelle,,3/31/2012,6:28 AM,124441,16.353,Business Development
Lisa,Female,7/8/2000,9:19 PM,40121,6.293,Product
Fred,Male,3/3/1989,2:27 AM,129712,11.058,Finance
Joseph,Male,11/4/1982,9:46 PM,126010,19.601,Legal
Anne,,4/18/1996,11:57 PM,122762,9.564,Distribution
Andrea,Female,7/22/1999,9:25 AM,149105,13.707,Distribution
Nicole,Female,3/1/2004,5:17 PM,44021,10.286,
Theresa,,10/7/1995,10:16 AM,42025,3.319,Human Resources
Catherine,Female,8/31/1986,6:20 PM,59970,12.801,Client Services
Rose,Female,12/31/1982,6:50 PM,145001,19.85,Engineering
Lawrence,Male,10/1/1984,2:06 PM,102589,17.952,Marketing
Raymond,Male,12/12/1986,12:18 PM,47529,2.712,Product
Clarence,Male,8/5/1989,6:11 PM,148941,11.517,Product
Ryan,Male,4/15/1988,5:18 AM,91109,17.499,Human Resources
Jane,Female,1/12/1992,1:23 PM,51923,13.623,Business Development
Lois,Female,7/28/2012,11:39 AM,53954,19.075,Product
Shawn,Male,3/17/2008,2:12 PM,39335,10.664,Distribution
Thomas,Male,5/3/1990,9:29 AM,111371,15.081,Engineering
Kathryn,Female,1/29/2008,12:29 AM,86676,6.081,Sales
Mary,Female,11/6/2011,8:32 AM,115057,2.089,Finance
Julie,Female,3/8/1980,5:13 AM,145357,3.459,Engineering
George,Male,9/27/1995,5:04 PM,36749,19.754,Finance
Ralph,Male,2/10/2000,4:48 PM,89854,7.227,Business Development
Judith,Female,9/3/1989,11:16 AM,134048,6.818,Marketing
,Male,12/13/1994,10:34 AM,141311,5.478,Product
Evelyn,Female,2/10/2002,4:44 AM,123621,19.767,Marketing
Rachel,Female,6/23/2011,12:52 AM,54941,3.221,Distribution
Maria,,1/18/1986,8:36 PM,106562,4,Human Resources
Kelly,Female,3/17/2007,6:20 PM,39371,4.068,Engineering
Ruby,Female,5/31/2008,8:41 PM,83112,4.083,Marketing
Ann,Female,10/3/1980,1:08 AM,96941,10.048,Distribution
Kenneth,Male,12/14/1985,6:55 AM,47232,17.862,Legal
William,Male,11/18/1993,12:27 PM,54058,5.182,Human Resources
,Female,12/27/1980,2:27 AM,80399,12.254,Distribution
Deborah,Female,2/26/2009,10:17 AM,118043,7.266,Business Development
,Male,11/12/2009,2:30 PM,109411,9.494,Engineering
Julia,Female,8/18/2014,3:12 AM,97566,2.147,Marketing
Robert,,12/4/2000,1:20 AM,69267,5.89,Sales
,,8/1/1988,1:35 AM,87103,5.665,
Jesse,,7/16/2014,2:24 AM,98811,7.487,Legal
Cynthia,Female,7/12/2006,8:55 AM,149684,7.864,Product
Johnny,Male,1/14/2007,2:54 PM,71383,2.097,Human Resources
Michael,Male,8/31/2002,1:20 AM,81206,19.908,Distribution
Kenneth,Male,1/15/2015,2:41 PM,69112,7.588,Finance
Keith,Male,2/12/2003,3:02 PM,120672,19.467,Legal
Gerald,Male,5/28/2010,12:26 PM,96511,9.331,Human Resources
Carl,,2/11/1982,7:54 AM,49325,2.071,Business Development
Douglas,Male,8/4/2007,5:23 AM,132175,2.28,Engineering
Carolyn,Female,3/17/2004,6:38 AM,118037,13.492,Finance
Joseph,Male,5/23/1985,10:16 PM,139570,15.804,Finance
Billy,Male,4/6/2000,3:14 PM,115280,9.153,Distribution
Joyce,Female,7/25/2001,6:04 AM,51065,16.807,Human Resources
Lillian,Female,8/26/2002,8:53 AM,103854,4.924,Distribution
Ruby,Female,8/13/2006,6:27 PM,48354,19.501,Business Development
Sandra,Female,2/7/1998,12:39 PM,132327,19.264,Product
Louise,Female,2/26/1982,1:03 AM,106362,8.965,Sales
Maria,,6/19/1985,1:48 AM,148857,8.738,Legal
Brenda,Female,1/3/1981,6:01 PM,131131,11.682,Client Services
Stephen,Male,9/10/1990,10:42 PM,129663,15.574,Human Resources
Nicole,,5/2/1981,12:03 PM,41449,4.707,Finance
Bobby,Male,6/5/1984,7:40 AM,93368,2.88,Product
Ernest,Male,9/6/1997,2:02 PM,53335,9.192,Product
Charles,Male,9/3/1997,10:04 AM,148291,6.002,
Bobby,Male,8/19/1996,1:16 AM,147842,16.158,
Diana,Female,11/19/2004,8:47 AM,105066,17.343,Business Development
Mildred,Female,4/6/2007,10:06 PM,139284,11.39,
Harry,Male,2/10/1985,7:46 PM,63046,10.411,Finance
Phillip,,10/20/2003,11:09 AM,89700,2.277,
Bonnie,,1/18/2006,6:52 PM,108946,12.211,Finance
Marie,Female,12/8/1993,6:28 PM,98406,7.943,Product
Sean,Male,4/25/2006,4:51 PM,108581,9.634,Human Resources
Robin,Female,10/1/2012,2:44 AM,41808,19.239,Business Development
Phillip,Male,10/7/1984,11:05 AM,36837,14.66,Marketing
Jerry,Male,3/26/1989,4:15 AM,140850,18.855,Finance
Ronald,Male,5/25/1983,10:05 AM,50426,18.536,Sales
Phillip,Male,5/15/1984,6:15 AM,134120,6.842,Human Resources
Ryan,Male,11/16/2012,1:47 PM,57292,6.01,
Karen,Female,8/29/1997,4:56 PM,80633,16.306,Legal
Bonnie,Female,8/25/2004,2:17 AM,131943,14.249,Client Services
Earl,Male,6/15/2013,3:00 AM,48046,7.737,Marketing
Katherine,Female,8/18/2013,3:58 PM,97443,13.657,Product
Matthew,Male,8/3/1995,5:39 AM,135352,7.986,Business Development
Cynthia,,11/19/1996,10:40 PM,107816,18.751,Marketing
Gerald,Male,3/29/2003,10:37 AM,96329,2.469,Engineering
Brenda,Female,1/18/2015,4:39 PM,73749,19.332,Business Development
Jason,Male,5/1/1998,6:05 PM,75607,4.299,Sales
Melissa,Female,9/8/1994,4:11 AM,98858,3.525,Human Resources
Beverly,Female,4/11/1998,2:27 PM,76485,9.212,Engineering
Terry,,9/11/1992,4:41 PM,41238,8.219,Marketing
,Male,9/5/1980,7:36 AM,114896,13.823,Client Services
Jacqueline,Female,5/25/2003,7:13 PM,125418,8.064,Distribution
Amy,Female,5/20/2009,6:26 AM,75415,19.132,Client Services
Robert,,5/25/2007,3:17 AM,90998,8.382,Finance
Ruby,Female,1/28/1980,11:08 PM,142868,6.318,Marketing
Sara,,11/18/2014,2:47 PM,135990,14.344,Distribution
Kathryn,Female,10/27/1995,3:39 PM,57300,18.015,Marketing
Lisa,Female,10/17/2003,1:42 PM,73706,18.53,Finance
Juan,Male,10/6/1993,8:52 AM,85871,9.16,Product
Anthony,Male,1/30/2014,9:04 PM,96795,14.837,Sales
David,Male,12/5/2009,8:48 AM,92242,15.407,Legal
Marilyn,Female,10/8/2007,12:32 AM,115149,11.934,Legal
Margaret,Female,1/4/2001,3:07 AM,126924,1.552,Finance
,Male,11/24/2015,3:11 AM,145329,7.1,Finance
Timothy,Male,8/25/1991,10:37 AM,92587,8.475,Finance
Brandon,Male,10/23/1995,12:04 PM,60263,2.709,Sales
Frank,Male,7/27/2013,4:32 PM,91406,5.681,Business Development
Betty,Female,11/19/2002,10:40 AM,37005,7.645,Marketing
Janice,,11/19/1991,6:02 PM,139791,16.968,Business Development
Victor,Male,3/10/2010,5:01 PM,45267,3.942,Sales
Kenneth,,2/28/1994,10:10 AM,95296,10.146,Finance
Jane,Female,4/27/2012,2:12 PM,59680,15.211,Business Development
Walter,Male,5/21/1992,12:39 AM,144701,16.323,Marketing
Christina,Female,6/23/2002,3:18 PM,35477,18.178,Human Resources
Patricia,Female,10/10/1995,4:52 PM,119266,6.911,Distribution
,Male,5/23/2001,7:52 PM,103877,6.322,Distribution
Heather,Female,7/29/1983,10:48 AM,47605,14.955,Human Resources
Stephanie,Female,6/26/1988,5:48 AM,136604,6.16,Human Resources
Alice,Female,2/9/2013,12:49 AM,121250,4.363,Finance
Frances,Female,5/16/2014,8:31 AM,35884,17.667,Sales
Elizabeth,Female,7/27/1998,11:12 AM,137144,10.081,Finance
Janice,Female,12/17/2009,6:42 AM,102697,3.283,Engineering
Donald,Male,8/1/1991,2:25 AM,61999,6.466,Product
Melissa,Female,10/22/2002,1:20 AM,45223,8.879,Legal
Carl,Male,7/7/2010,1:33 PM,54033,15.528,Business Development
Joe,Male,12/8/1998,10:28 AM,126120,1.02,
Lois,Female,12/11/2015,4:10 PM,99747,6.168,Marketing
Ann,Female,9/28/2001,6:37 AM,71958,5.272,Distribution
Todd,Male,1/4/1983,12:34 PM,115566,6.716,Client Services
Marilyn,Female,1/16/1996,7:18 AM,118369,7.696,Business Development
Shawn,Male,3/13/2008,5:36 PM,51667,6.339,Product
Ryan,Male,4/27/1999,3:41 AM,85858,19.475,Client Services
Sean,Male,3/21/2009,11:38 AM,131423,8.957,Distribution
Rose,Female,1/2/2002,9:14 PM,49538,9.828,Client Services
George,Male,6/5/2015,5:40 AM,50369,18.9,Sales
Arthur,Male,12/5/2013,8:44 AM,86615,3.412,Business Development
Irene,,2/28/1991,10:23 PM,135369,4.38,Business Development
Deborah,Female,11/11/2003,4:53 PM,60003,9.624,Client Services
,Female,8/23/2000,4:19 PM,95866,19.388,Sales
Judith,Female,3/1/2004,7:32 AM,109324,19.488,Distribution
Philip,Male,3/11/2005,10:56 AM,103557,16.014,Business Development
Jeffrey,Male,9/20/1986,6:06 AM,111376,2.673,Business Development
Theresa,Female,4/27/2001,9:17 PM,75661,1.079,Legal
Nancy,Female,9/10/2001,11:57 PM,85213,2.386,Marketing
Harold,Male,6/23/2012,12:40 PM,140444,3.771,Distribution
Bonnie,Female,12/23/2008,9:26 AM,90427,2.01,Client Services
Doris,Female,7/5/1993,5:54 PM,141439,3.799,Business Development
Samuel,Male,8/7/1997,12:40 PM,43694,3.787,Engineering
Alice,Female,3/23/1996,3:09 AM,131952,12.09,Engineering
Maria,Female,3/14/2003,5:23 PM,96250,10.056,Business Development
Aaron,,1/22/1986,7:39 PM,63126,18.424,Client Services
Mark,,9/9/2006,12:27 PM,44836,2.657,Client Services
Ralph,,7/28/1995,6:53 PM,70635,2.147,Client Services
Andrew,Male,9/28/1990,9:38 AM,137386,8.611,Distribution
William,Male,6/26/1997,8:33 AM,104840,15.653,Engineering
Lori,Female,11/20/2015,1:15 PM,75498,6.537,Marketing
Wayne,Male,9/8/2006,11:09 AM,67471,2.728,Engineering
Kenneth,Male,5/10/2006,8:24 AM,101914,1.905,Distribution
Gerald,,4/15/1989,12:44 PM,93712,17.426,Distribution
,Female,9/15/1985,1:50 AM,133472,16.941,Distribution
,Male,7/30/2012,3:07 PM,107351,5.329,Marketing
Ashley,Female,3/31/2006,1:24 PM,142410,11.048,Engineering
Scott,Male,8/20/2011,8:08 AM,37385,8.226,Business Development
Paula,Female,5/21/1983,11:42 AM,58423,10.833,Business Development
,Female,9/14/2010,5:19 AM,143638,9.662,
Teresa,Female,1/22/2013,3:17 PM,113425,11.907,Human Resources
Randy,Male,2/25/2012,5:33 AM,57266,14.077,Product
Joe,Male,1/19/1980,4:06 PM,119667,1.148,Finance
Sarah,Female,8/17/2014,11:08 PM,127118,11.176,Legal
Beverly,Female,10/17/1986,12:51 AM,80838,8.115,Engineering
Jeffrey,Male,2/3/1984,1:26 PM,70990,15.901,Sales
Gloria,Female,10/24/1987,4:43 AM,39833,9.631,Engineering
Albert,Male,9/19/1992,2:35 AM,45094,5.85,Business Development
Stephen,Male,10/29/1989,11:34 PM,93997,18.093,Business Development
Antonio,,6/18/1989,9:37 PM,103050,3.05,Legal
Jonathan,Male,8/21/2013,12:45 AM,121797,16.923,Product
Ann,Female,9/23/1994,11:15 AM,89443,17.94,Sales
Bruce,Male,5/7/1980,8:00 PM,35802,12.391,Sales
Catherine,Female,9/25/1989,1:31 AM,68164,18.393,Client Services
Louis,Male,8/16/2011,5:19 PM,93022,9.146,Human Resources
Thomas,Male,3/12/2016,3:10 PM,105681,19.572,Engineering
Louise,Female,3/27/1995,10:27 PM,43050,11.671,Distribution
Linda,Female,2/4/2010,8:49 PM,44486,17.308,Engineering
Alice,Female,9/3/1988,8:54 PM,63571,15.397,Product
Patrick,Male,12/30/2002,2:01 AM,75423,5.368,Business Development
Victor,,7/28/2006,2:49 PM,76381,11.159,Sales
Russell,Male,5/10/2013,11:08 PM,137359,11.105,Business Development
Harry,Male,8/30/2011,6:31 PM,67656,16.455,Client Services
Susan,Female,4/7/1995,10:05 PM,92436,12.467,Sales
Denise,Female,10/19/1992,5:42 AM,137954,4.195,Legal
Sarah,Female,12/4/1995,9:16 AM,124566,5.949,Product
Sean,Male,1/17/1983,2:23 PM,66146,11.178,Human Resources
Ernest,Male,7/20/2013,6:41 AM,142935,13.198,Product
Kimberly,Female,1/26/2013,12:57 AM,46233,8.862,Engineering
James,Male,1/15/1993,5:19 PM,148985,19.28,Legal
Rose,Female,4/6/1982,10:43 AM,91411,8.639,Human Resources
John,Male,12/23/1982,10:35 PM,146907,11.738,Engineering
Maria,Female,10/15/2011,4:53 PM,43455,13.04,Engineering
Stephen,,7/10/1983,8:10 PM,85668,1.909,Legal
Donna,Female,11/26/1982,7:04 AM,82871,17.999,Marketing
Gloria,Female,12/8/2014,5:08 AM,136709,10.331,Finance
Alice,Female,10/5/2004,9:34 AM,47638,11.209,Human Resources
Justin,,2/10/1991,4:58 PM,38344,3.794,Legal
Robin,Female,7/24/1987,1:35 PM,100765,10.982,Client Services
Rose,Female,8/25/2002,5:12 AM,134505,11.051,Marketing
Anthony,Male,10/16/2011,8:35 AM,112769,11.625,Finance
Tina,Female,5/15/1997,3:53 PM,56450,19.04,Engineering
George,Male,6/21/2013,5:47 PM,98874,4.479,Marketing
Henry,,11/23/2014,6:09 AM,132483,16.655,Distribution
Phillip,Male,1/31/1984,6:30 AM,42392,19.675,Finance
Russell,Male,5/20/2013,12:39 PM,96914,1.421,Product
Larry,Male,4/20/2013,4:45 PM,60500,11.985,Business Development
Albert,Male,5/15/2012,6:24 PM,129949,10.169,Sales
